{"cameraMode":{"drawMode":0,"name":"Shaded","section":"Shading Mode"},"sceneLighting":true,"audioPlay":false,"sceneViewState":{"m_AlwaysRefresh":false,"showFog":true,"showSkybox":true,"showFlares":true,"showImageEffects":true,"showParticleSystems":true,"showVisualEffectGraphs":true,"m_FxEnabled":true},"in2DMode":false,"pivot":{"x":14.125222206115723,"y":-8.859580993652344,"z":13.386689186096192},"rotation":{"x":-0.16949991881847382,"y":0.7852110862731934,"z":-0.5427547693252564,"w":-0.24521856009960175},"size":24.898252487182618,"orthographic":false}